日期,单位净值,累计净值,涨跌幅
2021-08-17,1.2349,2.866,-4.62
2021-08-16,1.2947,2.9258,0.26
2021-08-13,1.2914,2.9225,0.8
2021-08-12,1.2812,2.9123,-1.73
2021-08-11,1.3038,2.9349,-1.61
2021-08-10,1.3251,2.9562,6.48
2021-08-09,1.2445,2.8756,1.06
2021-08-06,1.2314,2.8625,-0.39
2021-08-05,1.2362,2.8673,-1.37
2021-08-04,1.2534,2.8845,-1.59
2021-08-03,1.2736,2.9047,0.95
2021-08-02,1.2616,2.8927,5.49
2021-07-30,1.1959,2.827,-6.03
2021-07-29,1.2726,2.9037,-1.52
2021-07-28,1.2922,2.9233,0.85
2021-07-27,1.2813,2.9124,-3.6
2021-07-26,1.3292,2.9603,-7.24
2021-07-23,1.4329,3.064,-2.29
2021-07-22,1.4665,3.0976,-1.95
2021-07-21,1.4956,3.1267,-0.08
2021-07-20,1.4968,3.1279,0.07
2021-07-19,1.4957,3.1268,0.88
2021-07-16,1.4826,3.1137,-0.84
2021-07-15,1.4951,3.1262,2.64
2021-07-14,1.4567,3.0878,0.57
2021-07-13,1.4485,3.0796,2.51
2021-07-12,1.413,3.0441,0.83
2021-07-09,1.4013,3.0324,-3.41
2021-07-08,1.4508,3.0819,-1.53
2021-07-07,1.4733,3.1044,1.31
2021-07-06,1.4543,3.0854,-0.11
2021-07-05,1.4559,3.087,0.85
2021-07-02,1.4436,3.0747,-3.97
2021-07-01,1.5033,3.1344,1.26
2021-06-30,1.4846,3.1157,0.86
2021-06-29,1.472,3.1031,-2.03
2021-06-28,1.5025,3.1336,0.81
2021-06-25,1.4905,3.1216,2.05
2021-06-24,1.4605,3.0916,0.87
2021-06-23,1.4479,3.079,-3.43
2021-06-22,1.4993,3.1304,0.58
2021-06-21,1.4907,3.1218,-0.82
2021-06-18,1.5031,3.1342,-1.61
2021-06-17,1.5277,3.1588,2
2021-06-16,1.4978,3.1289,-1.34
2021-06-15,1.5182,3.1493,-0.04
2021-06-11,1.5188,3.1499,-3.09
2021-06-10,1.5673,3.1984,1.69
2021-06-09,1.5412,3.1723,0.11
2021-06-08,1.5395,3.1706,-6.5
2021-06-07,1.6466,3.2777,1.61
2021-06-04,1.6205,3.2516,1.92
2021-06-03,1.59,3.2211,1.52
2021-06-02,1.5662,3.1973,-1.45
2021-06-01,1.5893,3.2204,1.2
2021-05-31,1.5704,3.2015,0.58
2021-05-28,1.5613,3.1924,0.13
2021-05-27,1.5593,3.1904,0.55
2021-05-26,1.5507,3.1818,-0.86
2021-05-25,1.5642,3.1953,3.49
2021-05-24,1.5114,3.1425,2.63
2021-05-21,1.4726,3.1037,0.29
2021-05-20,1.4683,3.0994,2.46
2021-05-19,1.4331,3.0642,-0.84
2021-05-18,1.4453,3.0764,0.19
2021-05-17,1.4426,3.0737,1.95
2021-05-14,1.415,3.0461,1.45
2021-05-13,1.3948,3.0259,0.19
2021-05-12,1.3922,3.0233,1.61
2021-05-11,1.3701,3.0012,3.51
2021-05-10,1.3236,2.9547,-1.7
2021-05-07,1.3465,2.9776,-1.67
2021-05-06,1.3694,3.0005,-3.05
2021-04-30,1.4125,3.0436,-1.16
2021-04-29,1.4291,3.0602,-0.12
2021-04-28,1.4308,3.0619,2.51
2021-04-27,1.3957,3.0268,1.38
2021-04-26,1.3767,3.0078,-1.43
2021-04-23,1.3967,3.0278,1.13
2021-04-22,1.3811,3.0122,-0.02
2021-04-21,1.3814,3.0125,2.45
2021-04-20,1.3483,2.9794,1.14
2021-04-19,1.3331,2.9642,1.24
2021-04-16,1.3168,2.9479,2.46
2021-04-15,1.2852,2.9163,-0.76
2021-04-14,1.295,2.9261,1.27
2021-04-13,1.2788,2.9099,0.9
2021-04-12,1.2674,2.8985,0.1
2021-04-09,1.2661,2.8972,-2.82
2021-04-08,1.3029,2.934,1.93
2021-04-07,1.2782,2.9093,-4.43
2021-04-06,1.3374,2.9685,-1.41
2021-04-02,1.3565,2.9876,4.78
2021-04-01,1.2946,2.9257,2.42
2021-03-31,1.264,2.8951,-1.75
2021-03-30,1.2865,2.9176,0.4
2021-03-29,1.2814,2.9125,1.8
2021-03-26,1.2588,2.8899,3.65
2021-03-25,1.2145,2.8456,-0.74
2021-03-24,1.2235,2.8546,0.07
2021-03-23,1.2227,2.8538,0.94
2021-03-22,1.2113,2.8424,0.46
2021-03-19,1.2058,2.8369,-2.67
2021-03-18,1.2389,2.87,2.95
2021-03-17,1.2034,2.8345,1.25
2021-03-16,1.1886,2.8197,2.71
2021-03-15,1.1572,2.7883,-4.89
2021-03-12,1.2167,2.8478,0.4
2021-03-11,1.2119,2.843,3.87
2021-03-10,1.1668,2.7979,3.67
2021-03-09,1.1255,2.7566,-3.22
2021-03-08,1.1629,2.794,-7.12
2021-03-05,1.2521,2.8832,1.18
2021-03-04,1.2375,2.8686,-4.98
2021-03-03,1.3024,2.9335,2.43
2021-03-02,1.2715,2.9026,-2.75
2021-03-01,1.3075,2.9386,0.58
2021-02-26,1.2999,2.931,-2.8
2021-02-25,1.3373,2.9684,-1.43
2021-02-24,1.3567,2.9878,-5.52
2021-02-23,1.436,3.0671,0.33
2021-02-22,1.4313,3.0624,-7.9
2021-02-19,1.5541,3.1852,-0.58
2021-02-18,1.5632,3.1943,-3.49
2021-02-10,1.6198,3.2509,4.92
2021-02-09,1.5439,3.175,2.34
2021-02-08,1.5086,3.1397,0.01
2021-02-05,1.5084,3.1395,1.1
2021-02-04,1.492,3.1231,0.55
2021-02-03,1.4838,3.1149,-0.04
2021-02-02,1.4844,3.1155,4.37
2021-02-01,1.4223,3.0534,-0.22
2021-01-29,1.4254,3.0565,1.84
2021-01-28,1.3997,3.0308,-1.28
2021-01-27,1.4179,3.049,-2.88
2021-01-26,1.4599,3.091,-2.24
2021-01-25,1.4934,3.1245,6.35
2021-01-22,1.4042,3.0353,-0.75
2021-01-21,1.4148,3.0459,2.98
2021-01-20,1.3739,3.005,0.77
2021-01-19,1.3634,2.9945,-2.02
2021-01-18,1.3915,3.0226,-1.84
2021-01-15,1.4176,3.0487,-3.1
2021-01-14,1.4629,3.094,-3.13
2021-01-13,1.5102,3.1413,-0.93
2021-01-12,1.5243,3.1554,3.06
2021-01-11,1.4791,3.1102,-3.24
2021-01-08,1.5287,3.1598,-2.99
2021-01-07,1.5758,3.2069,1.45
2021-01-06,1.5533,3.1844,0.29
2021-01-05,1.5488,3.1799,5.12
2021-01-04,1.4734,3.1045,3.28
2020-12-31,1.4266,3.0577,1.78
2020-12-30,1.4017,3.0328,2.19
2020-12-29,1.3717,3.0028,-1.1
2020-12-28,1.3869,3.018,4.93
2020-12-25,1.3217,2.9528,-0.02
2020-12-24,1.3219,2.953,-1.91
2020-12-23,1.3476,2.9787,-0.56
2020-12-22,1.3552,2.9863,1.8
2020-12-21,1.3313,2.9624,0.48
2020-12-18,1.3249,2.956,0.25
2020-12-17,1.3216,2.9527,2.78
2020-12-16,1.2858,2.9169,2.3
2020-12-15,1.2569,2.888,-0.59
2020-12-14,1.2713,2.8955,2.34
2020-12-11,1.2422,2.8664,0.57
2020-12-10,1.2352,2.8594,0.84
2020-12-09,1.2249,2.8491,-0.46
2020-12-08,1.2305,2.8547,1.53
2020-12-07,1.212,2.8362,0.32
2020-12-04,1.2081,2.8323,3.4
2020-12-03,1.1684,2.7926,0.99
2020-12-02,1.1569,2.7811,-0.03
2020-12-01,1.1573,2.7815,0.87
2020-11-30,1.1473,2.7715,-3.01
2020-11-27,1.1829,2.8071,0.6
2020-11-26,1.1758,2.8,0.5
2020-11-25,1.1699,2.7941,-3.51
2020-11-24,1.2125,2.8367,0.6
2020-11-23,1.2053,2.8295,1.03
2020-11-20,1.193,2.8172,1.49
2020-11-19,1.1755,2.7997,0.38
2020-11-18,1.171,2.7952,-1.62
2020-11-17,1.1903,2.8145,-1.37
2020-11-16,1.2068,2.831,3.88
2020-11-13,1.1617,2.7859,-3.43
2020-11-12,1.2029,2.8271,1.75
2020-11-11,1.1822,2.8064,0.12
2020-11-10,1.1808,2.805,2.15
2020-11-09,1.156,2.7802,1.91
2020-11-06,1.1343,2.7585,-0.66
2020-11-05,1.1418,2.766,1.89
2020-11-04,1.1206,2.7448,0.48
2020-11-03,1.1152,2.7394,1.1
2020-11-02,1.1031,2.7273,1.67
2020-10-30,1.085,2.7092,-2.83
2020-10-29,1.1166,2.7408,2.84
2020-10-28,1.0858,2.71,3.27
2020-10-27,1.0514,2.6756,0.91
2020-10-26,1.0419,2.6661,-1.08
2020-10-23,1.0533,2.6775,-2.54
2020-10-22,1.0808,2.705,1.85
2020-10-21,1.0612,2.6854,0.32
2020-10-20,1.0578,2.682,3.16
2020-10-19,1.0254,2.6496,-0.76
2020-10-16,1.0333,2.6575,-1.11
2020-10-15,1.0449,2.6691,-0.11
2020-10-14,1.0461,2.6703,-0.33
2020-10-13,1.0496,2.6738,1.7
2020-10-12,1.0321,2.6563,5.54
2020-10-09,0.9779,2.6021,1.45
2020-09-30,0.9639,2.5881,0.46
2020-09-29,0.9595,2.5837,-0.21
2020-09-28,0.9615,2.5857,1.15
2020-09-25,0.9506,2.5748,0.03
2020-09-24,0.9503,2.5745,-1.74
2020-09-23,0.9671,2.5913,-0.49
2020-09-22,0.9719,2.5961,-0.92
2020-09-21,0.9809,2.6051,-1.52
2020-09-18,0.996,2.6202,1.36
2020-09-17,0.9826,2.6068,-2.34
2020-09-16,1.0061,2.6303,-1.67
2020-09-15,1.0232,2.6474,-0.18
2020-09-14,1.025,2.6492,0.82
2020-09-11,1.0167,2.6409,2.81
2020-09-10,0.9889,2.6131,1.56
2020-09-09,0.9737,2.5979,-1.99
2020-09-08,0.9935,2.6177,-2.77
2020-09-07,1.0218,2.646,-1.66
2020-09-04,1.0391,2.6633,-1.91
2020-09-03,1.0593,2.6835,2.08
2020-09-02,1.0377,2.6619,-0.77
2020-09-01,1.0457,2.6699,-1.13
2020-08-31,1.0577,2.6819,0.54
2020-08-28,1.052,2.6762,3.97
2020-08-27,1.0118,2.636,1.18
2020-08-26,1.0,2.6242,-0.24
2020-08-25,1.5018,2.6279,3.89
2020-08-24,1.4456,2.5717,2.05
2020-08-21,1.4165,2.5426,1.3668
2020-08-20,1.3974,2.5235,-2.2387
2020-08-19,1.4294,2.5555,0.1401
2020-08-18,1.4274,2.5535,0.592
2020-08-17,1.419,2.5451,2.3145
2020-08-14,1.3869,2.513,3.4305
2020-08-13,1.3409,2.467,0.7892
2020-08-12,1.3304,2.4565,-1.772
2020-08-11,1.3544,2.4805,0.9165
2020-08-10,1.3421,2.4682,0.1194
2020-08-07,1.3405,2.4666,-1.1576
2020-08-06,1.3562,2.4823,-2.5718
2020-08-05,1.392,2.5181,0.2593
2020-08-04,1.3884,2.5145,-0.4874
2020-08-03,1.3952,2.5213,0.0933
2020-07-31,1.3939,2.52,-0.129
2020-07-30,1.3957,2.5218,0.7071
2020-07-29,1.3859,2.512,0.6025
2020-07-28,1.3776,2.5037,2.5
2020-07-27,1.344,2.4701,1.1896
2020-07-24,1.3282,2.4543,-4.5422
2020-07-23,1.3914,2.5175,0.2811
2020-07-22,1.3875,2.5136,1.2922
2020-07-21,1.3698,2.4959,2.3384
2020-07-20,1.3385,2.4646,-1.1155
2020-07-17,1.3536,2.4797,-0.1181
2020-07-16,1.3552,2.4813,-8.6854
2020-07-15,1.4841,2.6102,2.1967
2020-07-14,1.4522,2.5783,0.2624
2020-07-13,1.4484,2.5745,4.3817
2020-07-10,1.3876,2.5137,1.2921
2020-07-09,1.3699,2.496,1.5267
2020-07-08,1.3493,2.4754,-0.1184
2020-07-07,1.3509,2.477,3.0199
2020-07-06,1.3113,2.4374,2.4373
2020-07-03,1.2801,2.4062,-0.9824
2020-07-02,1.2928,2.4189,3.4737
2020-07-01,1.2494,2.3755,5.7559
2020-06-30,1.1814,2.3075,1.5909
2020-06-29,1.1629,2.289,0.3538
2020-06-24,1.1588,2.2849,-0.1809
2020-06-23,1.1609,2.287,3.2095
2020-06-22,1.1248,2.2509,-0.7237
2020-06-19,1.133,2.2591,2.3949
2020-06-18,1.1065,2.2326,0.29
2020-06-17,1.1033,2.2294,-0.9516
2020-06-16,1.1139,2.24,1.6425
2020-06-15,1.0959,2.222,-2.6905
2020-06-12,1.1262,2.2523,0.3028
2020-06-11,1.1228,2.2489,-1.6468
2020-06-10,1.1416,2.2677,0.4046
2020-06-09,1.137,2.2631,0.7354
2020-06-08,1.1287,2.2548,0.6061
2020-06-05,1.1219,2.248,1.9353
2020-06-04,1.1006,2.2267,1.9263
2020-06-03,1.0798,2.2059,-0.5892
2020-06-02,1.0862,2.2123,-1.1377
2020-06-01,1.0987,2.2248,3.1353
2020-05-29,1.0653,2.1914,1.4861
2020-05-28,1.0497,2.1758,0.7583
2020-05-27,1.0418,2.1679,-0.8848
2020-05-26,1.0511,2.1772,0.9896
2020-05-25,1.0408,2.1669,2.0492
2020-05-22,1.0199,2.146,-3.4003
2020-05-21,1.0558,2.1819,0.6962
2020-05-20,1.0485,2.1746,-0.776
2020-05-19,1.0567,2.1828,0.7532
2020-05-18,1.0488,2.1749,2.874
2020-05-15,1.0195,2.1456,-1.2304
2020-05-14,1.0322,2.1583,-0.1451
2020-05-13,1.0337,2.1598,2.5293
2020-05-12,1.0082,2.1343,0.3284
2020-05-11,1.0049,2.131,0.2794
2020-05-08,1.0021,2.1282,0.9876
2020-05-07,0.9923,2.1184,1.1931
2020-05-06,0.9806,2.1067,0.7397
2020-04-30,0.9734,2.0995,0.2781
2020-04-29,0.9707,2.0968,-1.2412
2020-04-28,0.9829,2.109,2.8246
2020-04-27,0.9559,2.082,-0.7579
2020-04-24,0.9632,2.0893,1.0703
2020-04-23,0.953,2.0791,0.2314
2020-04-22,0.9508,2.0769,2.8003
2020-04-21,0.9249,2.051,-2.3027
2020-04-20,0.9467,2.0728,0.4883
2020-04-17,0.9421,2.0682,1.4101
2020-04-16,0.929,2.0551,-0.9595
2020-04-15,0.938,2.0641,-0.1809
2020-04-14,0.9397,2.0658,1.2826
2020-04-13,0.9278,2.0539,-0.0754
2020-04-10,0.9285,2.0546,1.1548
2020-04-09,0.9179,2.044,0.5367
2020-04-08,0.913,2.0391,-0.011
2020-04-07,0.9131,2.0392,2.607
2020-04-03,0.8899,2.016,-0.2354
2020-04-02,0.892,2.0181,1.2946
2020-04-01,0.8806,2.0067,-0.6767
2020-03-31,0.8866,2.0127,1.8729
2020-03-30,0.8703,1.9964,-1.8938
2020-03-27,0.8871,2.0132,2.3183
2020-03-26,0.867,1.9931,-0.0922
2020-03-25,0.8678,1.9939,2.9053
2020-03-24,0.8433,1.9694,3.778
2020-03-23,0.8126,1.9387,-2.9731
2020-03-20,0.8375,1.9636,3.2676
2020-03-19,0.811,1.9371,-3.3834
2020-03-18,0.8394,1.9655,-2.6557
2020-03-17,0.8623,1.9884,-2.1004
2020-03-16,0.8808,2.0069,-4.0209
2020-03-13,0.9177,2.0438,-1.8293
2020-03-12,0.9348,2.0609,-2.3504
2020-03-11,0.9573,2.0834,-0.2501
2020-03-10,0.9597,2.0858,2.8507
2020-03-09,0.9331,2.0592,-3.7446
2020-03-06,0.9694,2.0955,-2.2782
2020-03-05,0.992,2.1181,5.0291
2020-03-04,0.9445,2.0706,0.7897
2020-03-03,0.9371,2.0632,0.6768
2020-03-02,0.9308,2.0569,2.4546
2020-02-28,0.9085,2.0346,-4.0857
2020-02-27,0.9472,2.0733,1.1642
2020-02-26,0.9363,2.0624,-0.8472
2020-02-25,0.9443,2.0704,-0.8297
2020-02-24,0.9522,2.0783,-1.8452
2020-02-21,0.9701,2.0962,-0.257
2020-02-20,0.9726,2.0987,3.5121
2020-02-19,0.9396,2.0657,1.2173
2020-02-18,0.9283,2.0544,-0.5144
2020-02-17,0.9331,2.0592,0.7994
2020-02-14,0.9257,2.0518,-0.2478
2020-02-13,0.928,2.0541,-0.7487
2020-02-12,0.935,2.0611,0.2789
2020-02-11,0.9324,2.0585,2.3266
2020-02-10,0.9112,2.0373,0.231
2020-02-07,0.9091,2.0352,0.8542
2020-02-06,0.9014,2.0275,0.9859
2020-02-05,0.8926,2.0187,1.3282
2020-02-04,0.8809,2.007,-0.6317
2020-02-03,0.8865,2.0126,-8.3721
2020-01-23,0.9675,2.0936,-3.6642
2020-01-22,1.0043,2.1304,0.3698
2020-01-21,1.0006,2.1267,-2.8072
2020-01-20,1.0295,2.1556,-1.0191
2020-01-17,1.0401,2.1662,0.0096
2020-01-16,1.04,2.1661,0.183
2020-01-15,1.0381,2.1642,0.4743
2020-01-14,1.0332,2.1593,-1.4686
2020-01-13,1.0486,2.1747,1.4414
2020-01-10,1.0337,2.1598,2.3465
2020-01-09,1.01,2.1361,2.0614
2020-01-08,0.9896,2.1157,0.1619
2020-01-07,0.988,2.1141,1.0328
2020-01-06,0.9779,2.104,-0.7913
2020-01-03,0.9857,2.1118,-1.0937
2020-01-02,0.9966,2.1227,-1.0622
2019-12-31,1.0073,2.1334,0.0497
2019-12-30,1.0068,2.1329,3.4313
2019-12-27,0.9734,2.0995,1.0065
2019-12-26,0.9637,2.0898,0.7422
2019-12-25,0.9566,2.0827,-1.1368
2019-12-24,0.9676,2.0937,0.4255
2019-12-23,0.9635,2.0896,-0.6496
2019-12-20,0.9698,2.0959,-0.3801
2019-12-19,0.9735,2.0996,-0.7342
2019-12-18,0.9807,2.1068,0.4713
2019-12-17,0.9761,2.1022,1.1607
2019-12-16,0.9649,2.091,-0.5208
2019-12-13,0.9803,2.0961,1.5434
2019-12-12,0.9654,2.0812,-0.8117
2019-12-11,0.9733,2.0891,-1.0472
2019-12-10,0.9836,2.0994,0.0305
2019-12-09,0.9833,2.0991,-0.5663
2019-12-06,0.9889,2.1047,2.0958
2019-12-05,0.9686,2.0844,-0.1134
2019-12-04,0.9697,2.0855,0.5809
2019-12-03,0.9641,2.0799,-0.4646
2019-12-02,0.9686,2.0844,0
2019-11-29,0.9686,2.0844,-2.5455
2019-11-28,0.9939,2.1097,-0.6001
2019-11-27,0.9999,2.1157,0.3513
2019-11-26,0.9964,2.1122,0.9626
2019-11-25,0.9869,2.1027,-0.2728
2019-11-22,0.9896,2.1054,-2.6655
2019-11-21,1.0167,2.1325,-0.1669
2019-11-20,1.0184,2.1342,0.5231
2019-11-19,1.0131,2.1289,0.826
2019-11-18,1.0048,2.1206,-0.4459
2019-11-15,1.0093,2.1251,-0.6399
2019-11-14,1.0158,2.1316,1.0545
2019-11-13,1.0052,2.121,0.6609
2019-11-12,0.9986,2.1144,0.3517
2019-11-11,0.9951,2.1109,-0.9851
2019-11-08,1.005,2.1208,0.3795
2019-11-07,1.0012,2.117,0.7953
2019-11-06,0.9933,2.1091,-1.0953
2019-11-05,1.0043,2.1201,0.2195
2019-11-04,1.0021,2.1179,0.7237
2019-11-01,0.9949,2.1107,1.1797
2019-10-31,0.9833,2.0991,-0.0407
2019-10-30,0.9837,2.0995,-0.8567
2019-10-29,0.9922,2.108,0.7514
2019-10-28,0.9848,2.1006,1.9462
2019-10-25,0.966,2.0818,1.6093
2019-10-24,0.9507,2.0665,-1.6449
2019-10-23,0.9666,2.0824,-1.6984
2019-10-22,0.9833,2.0991,0.3982
2019-10-21,0.9794,2.0952,0.1944
2019-10-18,0.9775,2.0933,-1.8673
2019-10-17,0.9961,2.1119,0.1407
2019-10-16,0.9947,2.1105,-1.8646
2019-10-15,1.0136,2.1294,1.614
2019-10-14,0.9975,2.1133,0.1506
2019-10-11,0.996,2.1118,0.4843
2019-10-10,0.9912,2.107,-0.1209
2019-10-09,0.9924,2.1082,-1.1652
2019-10-08,1.0041,2.1199,1.4755
2019-09-30,0.9895,2.1053,-1.8645
2019-09-27,1.0083,2.1241,-0.3361
2019-09-26,1.0117,2.1275,-1.1722
2019-09-25,1.0237,2.1395,-0.5151
2019-09-24,1.029,2.1448,2.0226
2019-09-23,1.0086,2.1244,-1.2048
2019-09-20,1.0209,2.1367,0.7998
2019-09-19,1.0128,2.1286,0.1483
2019-09-18,1.0113,2.1271,3.2993
2019-09-17,0.979,2.0948,0.1945
2019-09-16,0.9771,2.0929,-0.6507
2019-09-12,0.9835,2.0993,1.6327
2019-09-11,0.9677,2.0835,-4.4341
2019-09-10,1.0126,2.1284,-0.4718
2019-09-09,1.0174,2.1332,-0.0491
2019-09-06,1.0179,2.1337,0.0688
2019-09-05,1.0172,2.133,0.4245
2019-09-04,1.0129,2.1287,-1.3921
2019-09-03,1.0272,2.143,-0.6192
2019-09-02,1.0336,2.1494,0.3593
2019-08-30,1.0299,2.1457,2.3757
2019-08-29,1.006,2.1218,1.0547
2019-08-28,0.9955,2.1113,0.4034
2019-08-27,0.9915,2.1073,2.1533
2019-08-26,0.9706,2.0864,-1.8902
2019-08-23,0.9893,2.1051,0.2737
2019-08-22,0.9866,2.1024,2.1219
2019-08-21,0.9661,2.0819,-0.7907
2019-08-20,0.9738,2.0896,1.153
2019-08-19,0.9627,2.0785,1.2409
2019-08-16,0.9509,2.0667,0.9662
2019-08-15,0.9418,2.0576,-0.2964
2019-08-14,0.9446,2.0604,2.529
2019-08-13,0.9213,2.0371,-0.3138
2019-08-12,0.9242,2.04,2.8832
2019-08-09,0.8983,2.0141,-1.4914
2019-08-08,0.9119,2.0277,1.6724
2019-08-07,0.8969,2.0127,-1.0153
2019-08-06,0.9061,2.0219,1.5579
2019-08-05,0.8922,2.008,-2.1389
2019-08-02,0.9117,2.0275,-0.6863
2019-08-01,0.918,2.0338,-1.4175
2019-07-31,0.9312,2.047,-1.5645
2019-07-30,0.946,2.0618,-0.463
2019-07-29,0.9504,2.0662,0.881
2019-07-26,0.9421,2.0579,-0.0424
2019-07-25,0.9425,2.0583,1.0941
2019-07-24,0.9323,2.0481,-0.1927
2019-07-23,0.9341,2.0499,-2.168
2019-07-22,0.9548,2.0706,0.0734
2019-07-19,0.9541,2.0699,0.7178
2019-07-18,0.9473,2.0631,-1.3948
2019-07-17,0.9607,2.0765,-0.5589
2019-07-16,0.9661,2.0819,-1.146
2019-07-15,0.9773,2.0931,-0.9828
2019-07-12,0.987,2.1028,1.3659
2019-07-11,0.9737,2.0895,-0.8048
2019-07-10,0.9816,2.0974,0.5738
2019-07-09,0.976,2.0918,0.4219
2019-07-08,0.9719,2.0877,-1.5797
2019-07-05,0.9875,2.1033,2.7255
2019-07-04,0.9613,2.0771,-1.7478
2019-07-03,0.9784,2.0942,-2.16
2019-07-02,1.0,2.1158,0.7808
2019-07-01,1.5448,2.1037,4.8104
2019-06-30,1.4738,2.0327,--
2019-06-28,1.4739,2.0328,0.3541
2019-06-27,1.4687,2.0276,3.5462
2019-06-26,1.4184,1.9773,-0.512
2019-06-25,1.4257,1.9846,0.021
2019-06-24,1.4254,1.9843,1.669
2019-06-21,1.402,1.9609,0.9432
2019-06-20,1.3889,1.9478,4.4993
2019-06-19,1.3291,1.888,1.427
2019-06-18,1.3104,1.8693,0.0229
2019-06-17,1.3101,1.869,-0.5541
2019-06-14,1.3174,1.8763,-0.9101
2019-06-13,1.3295,1.8884,-0.4418
2019-06-12,1.3354,1.8943,-1.1035
2019-06-11,1.3503,1.9092,5.4428
2019-06-10,1.2806,1.8395,1.8451
2019-06-06,1.2574,1.8163,-1.07
2019-06-05,1.271,1.8299,-0.0708
2019-06-04,1.2719,1.8308,-2.4018
2019-06-03,1.3032,1.8621,-0.5495
2019-05-31,1.3104,1.8693,-1.3624
2019-05-30,1.3285,1.8874,-1.0649
2019-05-29,1.3428,1.9017,0.6446
2019-05-28,1.3342,1.8931,1.0758
2019-05-27,1.32,1.8789,0.4413
2019-05-24,1.3142,1.8731,1.3965
2019-05-23,1.2961,1.855,-3.4131
2019-05-22,1.3419,1.9008,-0.9449
2019-05-21,1.3547,1.9136,0.984
2019-05-20,1.3415,1.9004,-2.4364
2019-05-17,1.375,1.9339,-2.8886
2019-05-16,1.4159,1.9748,1.3892
2019-05-15,1.3965,1.9554,6.2866
2019-05-14,1.3139,1.8728,-0.8751
2019-05-13,1.3255,1.8844,0.2723
2019-05-10,1.3219,1.8808,5.1715
2019-05-09,1.2569,1.8158,-3.538
2019-05-08,1.303,1.8619,-0.0307
2019-05-07,1.3034,1.8623,2.2034
2019-05-06,1.2753,1.8342,-8.2386
2019-04-30,1.3898,1.9487,0.6008
2019-04-29,1.3815,1.9404,0.6998
2019-04-26,1.3719,1.9308,1.3295
2019-04-25,1.3539,1.9128,-1.9694
2019-04-24,1.3811,1.94,-0.626
2019-04-23,1.3898,1.9487,1.8616
2019-04-22,1.3644,1.9233,-0.807
2019-04-19,1.3755,1.9344,-0.1814
2019-04-18,1.378,1.9369,1.0931
2019-04-17,1.3631,1.922,1.0527
2019-04-16,1.3489,1.9078,1.8499
2019-04-15,1.3244,1.8833,-1.0312
2019-04-12,1.3382,1.8971,0.0598
2019-04-11,1.3374,1.8963,-4.7911
2019-04-10,1.4047,1.9636,1.3054
2019-04-09,1.3866,1.9455,1.6494
2019-04-08,1.3641,1.923,0.4196
2019-04-04,1.3584,1.9173,2.5595
2019-04-03,1.3245,1.8834,-0.6749
2019-04-02,1.3335,1.8924,-1.3099
2019-04-01,1.3512,1.9101,1.3882
2019-03-29,1.3327,1.8916,4.9701
2019-03-28,1.2696,1.8285,1.5112
2019-03-27,1.2507,1.8096,2.9552
2019-03-26,1.2148,1.7737,0.4964
2019-03-25,1.2088,1.7677,-2.7279
2019-03-22,1.2427,1.8016,1.2218
2019-03-21,1.2277,1.7866,-0.816
2019-03-20,1.2378,1.7967,0.4382
2019-03-19,1.2324,1.7913,-1.0359
2019-03-18,1.2453,1.8042,7.8929
2019-03-15,1.1542,1.7131,3.2195
2019-03-14,1.1182,1.6771,1.1763
2019-03-13,1.1052,1.6641,0.2813
2019-03-12,1.1021,1.661,-0.81
2019-03-11,1.1111,1.67,3.8411
2019-03-08,1.07,1.6289,-2.745
2019-03-07,1.1002,1.6591,-2.6802
2019-03-06,1.1305,1.6894,-0.9116
2019-03-05,1.1409,1.6998,0.1844
2019-03-04,1.1388,1.6977,1.2717
2019-03-01,1.1245,1.6834,4.0144
2019-02-28,1.0811,1.64,0.9336
2019-02-27,1.0711,1.63,2.0387
2019-02-26,1.0497,1.6086,-2.1167
2019-02-25,1.0724,1.6313,3.3938
2019-02-22,1.0372,1.5961,0.7969
2019-02-21,1.029,1.5879,-1.0577
2019-02-20,1.04,1.5989,-0.4975
2019-02-19,1.0452,1.6041,-0.5519
2019-02-18,1.051,1.6099,3.9154
2019-02-15,1.0114,1.5703,-2.1005
2019-02-14,1.0331,1.592,2.5817
2019-02-13,1.0071,1.566,1.1754
2019-02-12,0.9954,1.5543,0.3023
2019-02-11,0.9924,1.5513,4.4302
2019-02-01,0.9503,1.5092,1.4519
2019-01-31,0.9367,1.4956,1.5613
2019-01-30,0.9223,1.4812,-2.0497
2019-01-29,0.9416,1.5005,0.5768
2019-01-28,0.9362,1.4951,1.3423
2019-01-25,0.9238,1.4827,0.0758
2019-01-24,0.9231,1.482,0.8522
2019-01-23,0.9153,1.4742,0.3068
2019-01-22,0.9125,1.4714,-1.7232
2019-01-21,0.9285,1.4874,1.4089
2019-01-18,0.9156,1.4745,2.4734
2019-01-17,0.8935,1.4524,-0.2679
2019-01-16,0.8959,1.4548,-1.1366
2019-01-15,0.9062,1.4651,6.524
2019-01-14,0.8507,1.4096,-1.2995
2019-01-11,0.8619,1.4208,1.9276
2019-01-10,0.8456,1.4045,-0.5527
2019-01-09,0.8503,1.4092,1.8445
2019-01-08,0.8349,1.3938,0.1319
2019-01-07,0.8338,1.3927,0.3732
2019-01-04,0.8307,1.3896,2.2652
2019-01-03,0.8123,1.3712,-2.6486
2019-01-02,0.8344,1.3933,-1.6618
2018-12-31,0.8484,1.4073,--
2018-12-28,0.8485,1.4074,1.6289
2018-12-27,0.8349,1.3938,-0.3818
2018-12-26,0.8381,1.397,-1.5274
2018-12-25,0.8511,1.41,-0.2461
2018-12-24,0.8532,1.4121,0.7201
2018-12-21,0.8471,1.406,-1.6715
2018-12-20,0.8615,1.4204,-0.9998
2018-12-19,0.8702,1.4291,-1.6056
2018-12-18,0.8844,1.4433,-0.4278
2018-12-17,0.8882,1.4471,-0.7494
2018-12-14,0.9177,1.454,-1.566
2018-12-13,0.9323,1.4686,1.8684
2018-12-12,0.9152,1.4515,0.6046
2018-12-11,0.9097,1.446,0.7755
2018-12-10,0.9027,1.439,-1.452
2018-12-07,0.916,1.4523,0.2847
2018-12-06,0.9134,1.4497,-2.8505
2018-12-05,0.9402,1.4765,0.7501
2018-12-04,0.9332,1.4695,-0.0428
2018-12-03,0.9336,1.4699,4.8635
2018-11-30,0.8903,1.4266,3.0321
2018-11-29,0.8641,1.4004,0.3134
2018-11-28,0.8614,1.3977,1.5802
2018-11-27,0.848,1.3843,-0.4344
2018-11-26,0.8517,1.388,-0.4325
2018-11-23,0.8554,1.3917,-2.3181
2018-11-22,0.8757,1.412,-0.0228
2018-11-21,0.8759,1.4122,1.0498
2018-11-20,0.8668,1.4031,-2.3764
2018-11-19,0.8879,1.4242,2.0927
2018-11-16,0.8697,1.406,-0.0115
2018-11-15,0.8698,1.4061,0.7646
2018-11-14,0.8632,1.3995,-2.0204
2018-11-13,0.881,1.4173,3.2462
2018-11-12,0.8533,1.3896,-0.3736
2018-11-09,0.8565,1.3928,-0.7302
2018-11-08,0.8628,1.3991,0.0696
2018-11-07,0.8622,1.3985,-0.0116
2018-11-06,0.8623,1.3986,-1.4852
2018-11-05,0.8753,1.4116,-2.7769
2018-11-02,0.9003,1.4366,5.7808
2018-11-01,0.8511,1.3874,2.5422
2018-10-31,0.83,1.3663,3.7241
2018-10-30,0.8002,1.3365,-1.7436
2018-10-29,0.8144,1.3507,-8.9038
2018-10-26,0.894,1.4303,-2.6038
2018-10-25,0.9179,1.4542,-2.195
2018-10-24,0.9385,1.4748,-2.7663
2018-10-23,0.9652,1.5015,-7.3704
2018-10-22,1.042,1.5783,4.9451
2018-10-19,0.9929,1.5292,3.9142
2018-10-18,0.9555,1.4918,-2.4004
2018-10-17,0.979,1.5153,-0.5081
2018-10-16,0.984,1.5203,-0.304
2018-10-15,0.987,1.5233,-2.0347
2018-10-12,1.0075,1.5438,2.9953
2018-10-11,0.9782,1.5145,-3.3781
2018-10-10,1.0124,1.5487,-4.3823
2018-10-09,1.0588,1.5951,0.0662
2018-10-08,1.0581,1.5944,-5.863
2018-09-28,1.124,1.6603,0.4468
2018-09-27,1.119,1.6553,0.0089
2018-09-26,1.1189,1.6552,3.02
2018-09-25,1.0861,1.6224,-0.8128
2018-09-21,1.095,1.6313,3.6049
2018-09-20,1.0569,1.5932,-0.3489
2018-09-19,1.0606,1.5969,2.7813
2018-09-18,1.0319,1.5682,2.7891
2018-09-17,1.0039,1.5402,0.2797
2018-09-14,1.0011,1.5374,2.0801
2018-09-13,0.9807,1.517,-0.2543
2018-09-12,0.9832,1.5195,-2.3925
2018-09-11,1.0073,1.5436,0
2018-09-10,1.0073,1.5436,-0.8661
2018-09-07,1.0161,1.5524,1.3465
2018-09-06,1.0026,1.5389,-2.214
2018-09-05,1.0253,1.5616,-2.4267
2018-09-04,1.0508,1.5871,0.5454
2018-09-03,1.0451,1.5814,-0.2672
2018-08-31,1.0479,1.5842,-1.6426
2018-08-30,1.0654,1.6017,-0.3927
2018-08-29,1.0696,1.6059,-0.2611
2018-08-28,1.0724,1.6087,-1.0792
2018-08-27,1.0841,1.6204,4.4614
2018-08-24,1.0378,1.5741,-1.3873
2018-08-23,1.0524,1.5887,0.3146
2018-08-22,1.0491,1.5854,-1.1402
2018-08-21,1.0612,1.5975,3.562
2018-08-20,1.0247,1.561,0.668
2018-08-17,1.0179,1.5542,-0.4888
2018-08-16,1.0229,1.5592,-3.3359
2018-08-15,1.0582,1.5945,-3.3872
2018-08-14,1.0953,1.6316,0.5416
2018-08-13,1.0894,1.6257,-1.5098
2018-08-10,1.1061,1.6424,0.163
2018-08-09,1.1043,1.6406,2.7829
2018-08-08,1.0744,1.6107,-3.0937
2018-08-07,1.1087,1.645,2.6099
2018-08-06,1.0805,1.6168,-2.1641
2018-08-03,1.1044,1.6407,-3.1653
2018-08-02,1.1405,1.6768,-3.6251
2018-08-01,1.1834,1.7197,-2.1336
2018-07-31,1.2092,1.7455,0.482
2018-07-30,1.2034,1.7397,-1.8834
2018-07-27,1.2265,1.7628,1.0796
2018-07-26,1.2134,1.7497,-1.4618
2018-07-25,1.2314,1.7677,-0.5572
2018-07-24,1.2383,1.7746,3.6408
2018-07-23,1.1948,1.7311,-1.7919
2018-07-20,1.2166,1.7529,0.0658
2018-07-19,1.2158,1.7521,-0.7024
2018-07-18,1.2244,1.7607,-1.4567
2018-07-17,1.2425,1.7788,-1.4671
2018-07-16,1.261,1.7973,0.0555
2018-07-13,1.2603,1.7966,2.7558
2018-07-12,1.2265,1.7628,2.8598
2018-07-11,1.1924,1.7287,-1.2423
2018-07-10,1.2074,1.7437,0.0663
2018-07-09,1.2066,1.7429,3.1018
2018-07-06,1.1703,1.7066,0.4549
2018-07-05,1.165,1.701,-0.4274
2018-07-04,1.17,1.706,-0.8475
2018-07-03,1.18,1.716,-3.1993
2018-07-02,1.219,1.755,-0.8943
2018-06-30,1.23,1.766,--
2018-06-29,1.23,1.766,2.7569
2018-06-28,1.197,1.733,-2.8409
2018-06-27,1.232,1.768,-4.1245
2018-06-26,1.285,1.821,-0.4648
2018-06-25,1.291,1.827,1.5736
2018-06-22,1.271,1.807,0.2366
2018-06-21,1.268,1.804,-1.323
2018-06-20,1.285,1.821,3.629
2018-06-19,1.24,1.776,-4.4684
2018-06-15,1.298,1.834,-0.5364
2018-06-14,1.305,1.841,-1.6579
2018-06-13,1.327,1.863,-0.9701
2018-06-12,1.34,1.876,4.3614
2018-06-11,1.284,1.82,-0.3106
2018-06-08,1.288,1.824,-0.9992
2018-06-07,1.301,1.837,-0.3828
2018-06-06,1.306,1.842,0
2018-06-05,1.306,1.842,1.3189
2018-06-04,1.289,1.825,3.12
2018-06-01,1.25,1.786,-1.9608
2018-05-31,1.275,1.811,2.9887
2018-05-30,1.238,1.774,1.3093
2018-05-29,1.222,1.758,-1.6103
2018-05-28,1.242,1.778,4.8101
2018-05-25,1.185,1.721,1.023
2018-05-24,1.173,1.709,-1.0961
2018-05-23,1.186,1.722,-1.9835
2018-05-22,1.21,1.746,0.6656
2018-05-21,1.202,1.738,-0.1661
2018-05-18,1.204,1.74,0.7531
2018-05-17,1.195,1.731,-2.0492
2018-05-16,1.22,1.756,-0.0819
2018-05-15,1.221,1.757,0.4938
2018-05-14,1.215,1.751,2.1867
2018-05-11,1.189,1.725,-1.0815
2018-05-10,1.202,1.738,1.5203
2018-05-09,1.184,1.72,0.1692
2018-05-08,1.182,1.718,0.8532
2018-05-07,1.172,1.708,5.6808
2018-05-04,1.109,1.645,0.362
2018-05-03,1.105,1.641,2.6952
2018-05-02,1.076,1.612,2.0873
2018-04-27,1.054,1.59,0
2018-04-26,1.054,1.59,-2.9466
2018-04-25,1.086,1.622,-0.092
2018-04-24,1.087,1.623,3.1309
2018-04-23,1.054,1.59,-1.1257
2018-04-20,1.066,1.602,-0.7449
2018-04-19,1.074,1.61,2.8736
2018-04-18,1.044,1.58,-0.7605
2018-04-17,1.052,1.588,-1.8657
2018-04-16,1.072,1.608,0.5629
2018-04-13,1.066,1.602,-1.4787
2018-04-12,1.082,1.618,-0.2765
2018-04-11,1.085,1.621,-0.2757
2018-04-10,1.088,1.624,0.8341
2018-04-09,1.079,1.615,0.2788
2018-04-04,1.076,1.612,3.5611
2018-04-03,1.039,1.575,0.7759
2018-04-02,1.031,1.567,-0.1936
2018-03-30,1.033,1.569,-0.3857
2018-03-29,1.037,1.573,3.7
2018-03-28,1.0,1.536,-4.2146
2018-03-27,1.044,1.58,-0.3817
2018-03-26,1.048,1.584,-0.0953
2018-03-23,1.049,1.585,-2.5093
2018-03-22,1.076,1.612,-2.5362
2018-03-21,1.104,1.64,-0.361
2018-03-20,1.108,1.644,-1.1597
2018-03-19,1.121,1.657,0.448
2018-03-16,1.116,1.652,-0.976
2018-03-15,1.127,1.663,2.1759
2018-03-14,1.103,1.639,1.4719
2018-03-13,1.087,1.623,-1.629
2018-03-12,1.105,1.641,-0.8079
2018-03-09,1.114,1.65,0.7233
2018-03-08,1.106,1.642,2.3127
2018-03-07,1.081,1.617,0
2018-03-06,1.081,1.617,0.6518
2018-03-05,1.074,1.61,-1.8282
2018-03-02,1.094,1.63,-0.816
2018-03-01,1.103,1.639,1.3787
2018-02-28,1.088,1.624,-2.8571
2018-02-27,1.12,1.656,-1.3216
2018-02-26,1.135,1.671,-0.3512
2018-02-23,1.139,1.675,-0.4371
2018-02-22,1.144,1.68,3.3424
2018-02-14,1.107,1.643,1.1883
2018-02-13,1.094,1.63,0.0915
2018-02-12,1.093,1.629,3.4059
2018-02-09,1.057,1.593,-1.6744
2018-02-08,1.075,1.611,2.5763
2018-02-07,1.048,1.584,-3.4991
2018-02-06,1.086,1.622,-1.2727
2018-02-05,1.1,1.636,-4.7619
2018-02-02,1.155,1.691,-0.8584
2018-02-01,1.165,1.701,-2.5105
2018-01-31,1.195,1.731,1.6156
2018-01-30,1.176,1.712,-0.6757
2018-01-29,1.184,1.72,-4.3619
2018-01-26,1.238,1.774,0.5686
2018-01-25,1.231,1.767,-0.8058
2018-01-24,1.241,1.777,-1.664
2018-01-23,1.262,1.798,-0.0792
2018-01-22,1.263,1.799,3.3552
2018-01-19,1.222,1.758,-1.3721
2018-01-18,1.239,1.775,1.3912
2018-01-17,1.222,1.758,-3.2462
2018-01-16,1.263,1.799,0.9592
2018-01-15,1.251,1.787,0.5627
2018-01-12,1.244,1.78,1.551
2018-01-11,1.225,1.761,-1.2097
2018-01-10,1.24,1.776,1.9737
2018-01-09,1.216,1.752,2.9636
2018-01-08,1.181,1.717,0.5106
2018-01-05,1.175,1.711,-0.4237
2018-01-04,1.18,1.716,2.8771
2018-01-03,1.147,1.683,0.35
2018-01-02,1.143,1.679,0.1753
2017-12-31,1.141,1.677,--
2017-12-29,1.141,1.677,-1.2121
2017-12-28,1.155,1.691,4.0541
2017-12-27,1.11,1.646,-1.8568
2017-12-26,1.131,1.667,-0.7895
2017-12-25,1.14,1.676,-0.0876
2017-12-22,1.141,1.677,-1.7227
2017-12-21,1.161,1.697,-0.172
2017-12-20,1.163,1.699,2.0175
2017-12-19,1.14,1.676,0.9743
2017-12-18,1.129,1.665,1.9874
2017-12-15,1.107,1.643,-1.1617
2017-12-14,1.125,1.656,-0.266
2017-12-13,1.128,1.659,2.6388
2017-12-12,1.099,1.63,-0.2722
2017-12-11,1.102,1.633,3.3771
2017-12-08,1.066,1.597,1.912
2017-12-07,1.046,1.577,-1.784
2017-12-06,1.065,1.596,-0.4673
2017-12-05,1.07,1.601,-0.3724
2017-12-04,1.074,1.605,3.3686
2017-12-01,1.039,1.57,0.0963
2017-11-30,1.038,1.569,-1.2369
2017-11-29,1.051,1.582,-2.0503
2017-11-28,1.073,1.604,1.6098
2017-11-27,1.056,1.587,-1.3084
2017-11-24,1.07,1.601,-0.0934
2017-11-23,1.071,1.602,-4.8
2017-11-22,1.125,1.656,-3.2674
2017-11-21,1.163,1.694,2.0175
2017-11-20,1.14,1.671,-1.4693
2017-11-17,1.157,1.688,-3.0176
2017-11-16,1.193,1.724,2.7562
2017-11-15,1.161,1.692,1.7528
2017-11-14,1.141,1.672,-2.728
2017-11-13,1.173,1.704,-0.7614
2017-11-10,1.182,1.713,2.4263
2017-11-09,1.154,1.685,0.3478
2017-11-08,1.15,1.681,-0.605
2017-11-07,1.157,1.688,-0.6014
2017-11-06,1.164,1.695,3.1915
2017-11-03,1.128,1.659,0.5348
2017-11-02,1.122,1.653,0.8993
2017-11-01,1.112,1.643,0.7246
2017-10-31,1.104,1.635,-0.1808
2017-10-30,1.106,1.637,-0.9848
2017-10-27,1.117,1.648,2.8545
2017-10-26,1.086,1.617,2.0677
2017-10-25,1.064,1.595,-1.0233
2017-10-24,1.075,1.606,0.3735
2017-10-23,1.071,1.602,0.7526
2017-10-20,1.063,1.594,-1.5741
2017-10-19,1.08,1.611,2.3697
2017-10-18,1.055,1.586,1.7358
2017-10-17,1.037,1.568,0
2017-10-16,1.037,1.568,-1.9849
2017-10-13,1.058,1.589,0.0946
2017-10-12,1.057,1.588,-0.7512
2017-10-11,1.065,1.596,2.9981
2017-10-10,1.034,1.565,1.5717
2017-10-09,1.018,1.549,0.5929
2017-09-29,1.012,1.543,-0.9785
2017-09-28,1.022,1.553,2.6104
2017-09-27,0.996,1.527,-0.4
2017-09-26,1.0,1.531,-0.3865
2017-09-25,1.5,1.537,2.1103
2017-09-22,1.469,1.506,0.3415
2017-09-21,1.464,1.501,-0.7458
2017-09-20,1.475,1.512,1.166
2017-09-19,1.458,1.495,-0.7488
2017-09-18,1.469,1.506,2.9432
2017-09-15,1.427,1.464,-0.5575
2017-09-14,1.435,1.472,-0.1392
2017-09-13,1.437,1.474,2.1322
2017-09-12,1.407,1.444,2.7007
2017-09-11,1.37,1.407,1.0324
2017-09-08,1.356,1.393,-1.6679
2017-09-07,1.379,1.416,-0.5768
2017-09-06,1.387,1.424,-0.8578
2017-09-05,1.399,1.436,0.0715
2017-09-04,1.398,1.435,-1.2014
2017-09-01,1.415,1.452,0.3546
2017-08-31,1.41,1.447,-0.6342
2017-08-30,1.419,1.456,0.7813
2017-08-29,1.408,1.445,0.428
2017-08-28,1.402,1.439,1.2274
2017-08-25,1.385,1.422,0.9475
2017-08-24,1.372,1.409,-1.7192
2017-08-23,1.396,1.433,1.1594
2017-08-22,1.38,1.417,-1.8492
2017-08-21,1.406,1.443,-0.4954
2017-08-18,1.413,1.45,-0.3526
2017-08-17,1.418,1.455,-1.1158
2017-08-16,1.434,1.471,-0.4167
2017-08-15,1.44,1.477,-0.0694
2017-08-14,1.441,1.478,1.3361
2017-08-11,1.422,1.459,-2.536
2017-08-10,1.459,1.496,0.899
2017-08-09,1.446,1.483,3.2857
2017-08-08,1.4,1.437,-0.4267
2017-08-07,1.406,1.443,3.4584
2017-08-04,1.359,1.396,-0.8029
2017-08-03,1.37,1.407,-1.1544
2017-08-02,1.386,1.423,-1.2117
2017-08-01,1.403,1.44,0.4295
2017-07-31,1.397,1.434,1.2319
2017-07-28,1.38,1.417,4.3873
2017-07-27,1.322,1.359,0.8391
2017-07-26,1.311,1.348,-1.2057
2017-07-25,1.327,1.364,-0.4501
2017-07-24,1.333,1.37,1.7557
2017-07-21,1.31,1.347,1.5504
2017-07-20,1.29,1.327,1.8153
2017-07-19,1.267,1.304,1.6038
2017-07-18,1.247,1.284,0.727
2017-07-17,1.238,1.275,-2.5197
2017-07-14,1.27,1.307,1.0342
2017-07-13,1.257,1.294,0.4796
2017-07-12,1.251,1.288,-1.3407
2017-07-11,1.268,1.305,0.9554
2017-07-10,1.256,1.293,0.8026
2017-07-07,1.246,1.283,-0.8751
2017-07-06,1.257,1.294,-0.4751
2017-07-05,1.263,1.3,1.1209
2017-07-04,1.249,1.286,-1.2648
2017-07-03,1.265,1.302,-1.633
2017-06-30,1.286,1.323,0.2338
2017-06-29,1.283,1.32,-0.0779
2017-06-28,1.284,1.321,-1.7598
2017-06-27,1.307,1.344,-0.0765
2017-06-26,1.308,1.345,2.8302
2017-06-23,1.272,1.309,0.3155
2017-06-22,1.268,1.305,-0.471
2017-06-21,1.274,1.311,2.0833
2017-06-20,1.248,1.285,-0.3195
2017-06-19,1.252,1.289,0.5622
2017-06-16,1.245,1.282,-0.3203
2017-06-15,1.249,1.286,-1.8082
2017-06-14,1.272,1.309,-0.78
2017-06-13,1.282,1.319,-0.2335
2017-06-12,1.285,1.322,2.4721
2017-06-09,1.254,1.291,0.8039
2017-06-08,1.244,1.281,0.8921
2017-06-07,1.233,1.27,2.8357
2017-06-06,1.199,1.236,1.6102
2017-06-05,1.18,1.217,-1.0067
2017-06-02,1.192,1.229,-0.5838
2017-06-01,1.199,1.236,0.2508
2017-05-31,1.196,1.233,-0.4163
2017-05-26,1.201,1.238,0.2504
2017-05-25,1.198,1.235,0
2017-05-24,1.198,1.235,-0.8278
2017-05-23,1.208,1.245,2.2862
2017-05-22,1.181,1.218,-0.3376
2017-05-19,1.185,1.222,0.8511
2017-05-18,1.175,1.212,-0.1699
2017-05-17,1.177,1.214,-1.5886
2017-05-16,1.196,1.233,3.0146
2017-05-15,1.161,1.198,1.7528
2017-05-12,1.141,1.178,0.3518
2017-05-11,1.137,1.174,0.7979
2017-05-10,1.128,1.165,-0.3534
2017-05-09,1.132,1.169,1.0714
2017-05-08,1.12,1.157,-2.0979
2017-05-05,1.144,1.181,-0.6082
2017-05-04,1.151,1.188,-0.3463
2017-05-03,1.155,1.192,0.7853
2017-05-02,1.146,1.183,-1.1217
2017-04-28,1.159,1.196,-3.0126
2017-04-27,1.195,1.232,0.5046
2017-04-26,1.189,1.226,-0.9167
2017-04-25,1.2,1.237,3.1814
2017-04-24,1.163,1.2,-2.2689
2017-04-21,1.19,1.227,-1.7341
2017-04-20,1.211,1.248,3.1516
2017-04-19,1.174,1.211,0.1706
2017-04-18,1.172,1.209,2.2688
2017-04-17,1.146,1.183,0.703
2017-04-14,1.138,1.175,-1.1295
2017-04-13,1.151,1.188,1.4991
2017-04-12,1.134,1.171,1.25
2017-04-11,1.12,1.157,-0.3559
2017-04-10,1.124,1.161,-2.5152
2017-04-07,1.153,1.19,-0.6034
2017-04-06,1.16,1.197,-0.0861
2017-04-05,1.161,1.198,0.8688
2017-03-31,1.151,1.188,0.1741
2017-03-30,1.149,1.186,-0.7772
2017-03-29,1.158,1.195,0.6957
2017-03-28,1.15,1.187,0.087
2017-03-27,1.149,1.186,-1.7949
2017-03-24,1.17,1.207,-0.4255
2017-03-23,1.175,1.212,-1.1775
2017-03-22,1.189,1.226,0.4223
2017-03-21,1.184,1.221,3.5871
2017-03-20,1.143,1.18,0.7048
2017-03-17,1.135,1.172,0
2017-03-16,1.135,1.172,-0.2636
2017-03-15,1.138,1.175,0.3527
2017-03-14,1.134,1.171,-0.7874
2017-03-13,1.143,1.18,1.6904
2017-03-10,1.124,1.161,0.2676
2017-03-09,1.121,1.158,-0.6206
2017-03-08,1.128,1.165,-0.6167
2017-03-07,1.135,1.172,2.1602
2017-03-06,1.111,1.148,0.543
2017-03-03,1.105,1.142,0.546
2017-03-02,1.099,1.136,0.457
2017-03-01,1.094,1.131,0.8295
2017-02-28,1.085,1.122,0.2773
2017-02-27,1.082,1.119,-2.17
2017-02-24,1.106,1.143,-0.0903
2017-02-23,1.107,1.144,-0.9839
2017-02-22,1.118,1.155,1.5441
2017-02-21,1.101,1.138,-0.2717
2017-02-20,1.104,1.141,4.0528
2017-02-17,1.061,1.098,0.8555
2017-02-16,1.052,1.089,0.0951
2017-02-15,1.051,1.088,-0.7554
2017-02-14,1.059,1.096,0.6654
2017-02-13,1.052,1.089,3.2385
2017-02-10,1.019,1.056,0.5923
2017-02-09,1.013,1.05,1.4014
2017-02-08,0.999,1.036,0.6042
2017-02-07,0.993,1.03,-0.1006
2017-02-06,0.994,1.031,0.5056
2017-02-03,0.989,1.026,-0.603
2017-01-26,0.995,1.032,-0.5994
2017-01-25,1.001,1.038,-0.2988
2017-01-24,1.004,1.041,0.0997
2017-01-23,1.003,1.04,0.1998
2017-01-20,1.001,1.038,0.4012
2017-01-19,0.997,1.034,-0.796
2017-01-18,1.005,1.042,1.6178
2017-01-17,0.989,1.026,1.4359
2017-01-16,0.975,1.012,-0.7128
2017-01-13,0.982,1.019,-0.5066
2017-01-12,0.987,1.024,-0.7042
2017-01-11,0.994,1.031,-1.3889
2017-01-10,1.008,1.045,-0.0991
2017-01-09,1.009,1.046,0
2017-01-06,1.009,1.046,0.0992
2017-01-05,1.008,1.045,-0.2967
2017-01-04,1.011,1.048,2.9532
2017-01-03,0.982,1.019,0.3064
2016-12-31,0.979,1.016,0
2016-12-30,0.979,1.016,1.9792
2016-12-29,0.96,0.997,0.3135
2016-12-28,0.957,0.994,-0.3125
2016-12-27,0.96,0.997,0.1043
2016-12-26,0.959,0.996,0.4188
2016-12-23,0.955,0.992,-1.8499
2016-12-22,0.973,1.01,-1.0173
2016-12-21,0.983,1.02,0.3061
2016-12-20,0.98,1.017,-0.91
2016-12-19,0.989,1.026,0.9184
2016-12-16,0.98,1.017,-0.1019
2016-12-15,0.981,1.018,-0.9313
2016-12-14,1.013,1.028,-0.3933
2016-12-13,1.017,1.032,2.6236
2016-12-12,0.991,1.006,-3.3171
2016-12-09,1.025,1.04,0.0977
2016-12-08,1.024,1.039,1.5873
2016-12-07,1.008,1.023,0.0993
2016-12-06,1.007,1.022,1.5121
2016-12-05,0.992,1.007,-0.6012
2016-12-02,0.998,1.013,-0.8937
2016-12-01,1.007,1.022,0.0994
2016-11-30,1.006,1.021,-1.6618
2016-11-29,1.023,1.038,1.791
2016-11-28,1.005,1.02,0.1994
2016-11-25,1.003,1.018,-0.199
2016-11-24,1.005,1.02,0.1994
2016-11-23,1.003,1.018,1.3131
2016-11-22,0.99,1.005,0.304
2016-11-21,0.987,1.002,-0.1012
2016-11-18,0.988,1.003,-0.5035
2016-11-17,0.993,1.008,-0.501
2016-11-16,0.998,1.013,-0.7952
2016-11-15,1.006,1.021,1.2072
2016-11-14,0.994,1.009,-0.6
2016-11-11,1.0,1.015,-0.5964
2016-11-10,1.006,1.021,0.9027
2016-11-09,0.997,1.012,-0.6972
2016-11-08,1.004,1.019,1.5167
2016-11-07,0.989,1.004,-0.101
2016-11-04,0.99,1.005,-1.1976
2016-11-03,1.002,1.017,0.3003
2016-11-02,0.999,1.014,-1.4793
2016-11-01,1.014,1.029,1.1976
2016-10-31,1.002,1.017,-0.4965
2016-10-28,1.007,1.022,0
2016-10-27,1.007,1.022,-0.297
2016-10-26,1.01,1.025,1.8145
2016-10-25,0.992,1.007,2.5853
2016-10-24,0.967,0.982,0.5198
2016-10-21,0.962,0.977,-0.4141
2016-10-20,0.966,0.981,-0.5149
2016-10-19,0.971,0.986,0.1031
2016-10-18,0.97,0.985,2.2129
2016-10-17,0.949,0.964,0
2016-10-14,0.949,0.964,0.1055
2016-10-13,0.948,0.963,-0.733
2016-10-12,0.955,0.97,-0.209
2016-10-11,0.957,0.972,0.3145
2016-10-10,0.954,0.969,1.4894
2016-09-30,0.94,0.955,1.8418
2016-09-29,0.923,0.938,0.5447
2016-09-28,0.918,0.933,-0.5417
2016-09-27,0.923,0.938,0.9847
2016-09-26,0.914,0.929,-2.6624
2016-09-23,0.939,0.954,-0.2125
2016-09-22,0.941,0.956,1.5102
2016-09-21,0.927,0.942,0
2016-09-20,0.927,0.942,-0.6431
2016-09-19,0.933,0.948,0.8649
2016-09-14,0.925,0.94,-0.5376
2016-09-13,0.93,0.945,0.5405
2016-09-12,0.925,0.94,-3.2427
2016-09-09,0.956,0.971,-0.9326
2016-09-08,0.965,0.98,-0.2068
2016-09-07,0.967,0.982,-0.8205
2016-09-06,0.975,0.99,0.9317
2016-09-05,0.966,0.981,0.4158
2016-09-02,0.962,0.977,-1.1305
2016-09-01,0.973,0.988,-1.2183
2016-08-31,0.985,1.0,1.0256
2016-08-30,0.975,0.99,0.2055
2016-08-29,0.973,0.988,-0.2051
2016-08-26,0.975,0.99,-0.3067
2016-08-25,0.978,0.993,-0.6098
2016-08-24,0.984,0.999,-0.4049
2016-08-23,0.988,1.003,-0.3027
2016-08-22,0.991,1.006,-0.2014
2016-08-19,0.993,1.008,-0.501
2016-08-18,0.998,1.013,-0.5976
2016-08-17,1.004,1.019,0
2016-08-16,1.004,1.019,-1.472
2016-08-15,1.019,1.034,1.9
2016-08-12,1.0,1.015,0.2004
2016-08-11,0.998,1.013,0.1003
2016-08-10,0.997,1.012,-0.499
2016-08-09,1.002,1.017,1.8293
2016-08-08,0.984,0.999,1.4433
2016-08-05,0.97,0.985,-0.6148
2016-08-04,0.976,0.991,0.1026
2016-08-03,0.975,0.99,0.1027
2016-08-02,0.974,0.989,0.1028
2016-08-01,0.973,0.988,-3.5679
2016-07-29,1.009,1.024,0.0992
2016-07-28,1.008,1.023,1.002
2016-07-27,0.998,1.013,-2.5391
2016-07-26,1.024,1.039,2.6052
2016-07-25,0.998,1.013,0.7064
2016-07-22,0.991,1.006,-2.1718
2016-07-21,1.013,1.028,0.6958
2016-07-20,1.006,1.021,-0.0993
2016-07-19,1.007,1.022,-2.6112
2016-07-18,1.034,1.049,-1.3359
2016-07-15,1.048,1.063,0.2871
2016-07-14,1.045,1.06,-0.5709
2016-07-13,1.051,1.066,-2.0503
2016-07-12,1.073,1.088,1.131
2016-07-11,1.061,1.076,2.6112
2016-07-08,1.034,1.049,0.1938
2016-07-07,1.032,1.047,-1.7143
2016-07-06,1.05,1.065,6.599
2016-07-05,0.985,1.0,1.0256
2016-07-04,0.975,0.99,1.1411
2016-07-01,0.964,0.979,-0.7209
2016-06-30,0.971,0.986,1.2513
2016-06-29,0.959,0.974,-0.7246
2016-06-28,0.966,0.981,-0.2066
2016-06-27,0.968,0.983,3.4188
2016-06-24,0.936,0.951,-1.1616
2016-06-23,0.947,0.962,-0.4206
2016-06-22,0.951,0.966,0.9554
2016-06-21,0.942,0.957,-1.5674
2016-06-20,0.957,0.972,-0.829
2016-06-17,0.965,0.98,2.4416
2016-06-16,0.942,0.957,0.7487
2016-06-15,0.935,0.95,2.4096
2016-06-14,0.913,0.928,2.9312
2016-06-13,0.887,0.902,-3.0601
2016-06-08,0.915,0.93,-1.7186
2016-06-07,0.931,0.946,1.1957
2016-06-06,0.92,0.935,-0.4329
2016-06-03,0.924,0.939,4.0541
2016-06-02,0.888,0.903,1.4857
2016-06-01,0.875,0.89,0.2291
2016-05-31,0.873,0.888,3.3136
2016-05-30,0.845,0.86,0.1185
2016-05-27,0.844,0.859,0.3567
2016-05-26,0.841,0.856,-0.3555
2016-05-25,0.844,0.859,-0.8226
2016-05-24,0.851,0.866,-2.0713
2016-05-23,0.869,0.884,1.2821
2016-05-20,0.858,0.873,1.2987
2016-05-19,0.847,0.862,-0.7034
2016-05-18,0.853,0.868,-1.5012
2016-05-17,0.866,0.881,-1.8141
2016-05-16,0.882,0.897,1.0309
2016-05-13,0.873,0.888,-0.5695
2016-05-12,0.878,0.893,-0.4535
2016-05-11,0.882,0.897,2.0833
2016-05-10,0.864,0.879,0.8168
2016-05-09,0.857,0.872,-0.2328
2016-05-06,0.859,0.874,-3.6996
2016-05-05,0.892,0.907,0.4505
2016-05-04,0.888,0.903,-0.7821
2016-05-03,0.895,0.91,6.9295
2016-04-29,0.837,0.852,2.3227
2016-04-28,0.818,0.833,0
2016-04-27,0.818,0.833,0.3681
2016-04-26,0.815,0.83,0.6173
2016-04-25,0.81,0.825,0.7463
2016-04-22,0.804,0.819,2.0305
2016-04-21,0.788,0.803,0.3822
2016-04-20,0.785,0.8,-2.4845
2016-04-19,0.805,0.82,-0.1241
2016-04-18,0.806,0.821,-1.5873
2016-04-15,0.819,0.834,-0.122
2016-04-14,0.82,0.835,0.861
2016-04-13,0.813,0.828,0.3704
2016-04-12,0.81,0.825,-0.2463
2016-04-11,0.812,0.827,0.2469
2016-04-08,0.81,0.825,-1.3398
2016-04-07,0.821,0.836,-2.2619
2016-04-06,0.84,0.855,2.439
2016-04-05,0.82,0.835,0.861
2016-04-01,0.813,0.828,-1.0949
2016-03-31,0.822,0.837,-0.2427
2016-03-30,0.824,0.839,1.603
2016-03-29,0.811,0.826,-2.1713
2016-03-28,0.829,0.844,2.3457
2016-03-25,0.81,0.825,1.25
2016-03-24,0.8,0.815,1.2658
2016-03-23,0.79,0.805,-0.1264
2016-03-22,0.791,0.806,0.5083
2016-03-21,0.787,0.802,1.287
2016-03-18,0.777,0.792,1.1719
2016-03-17,0.768,0.783,1.5873
2016-03-16,0.756,0.771,-0.7874
2016-03-15,0.762,0.777,0.1314
2016-03-14,0.761,0.776,0.5284
2016-03-11,0.757,0.772,-0.6562
2016-03-10,0.762,0.777,0.9272
2016-03-09,0.755,0.77,-1.3072
2016-03-08,0.765,0.78,-0.7782
2016-03-07,0.771,0.786,0.9162
2016-03-04,0.764,0.779,2.0027
2016-03-03,0.749,0.764,1.4905
2016-03-02,0.738,0.753,4.5326
2016-03-01,0.706,0.721,2.1708
2016-02-29,0.691,0.706,-3.7604
2016-02-26,0.718,0.733,1.6997
2016-02-25,0.706,0.721,-5.741
2016-02-24,0.749,0.764,0.2677
2016-02-23,0.747,0.762,2.6099
2016-02-22,0.728,0.743,2.391
2016-02-19,0.711,0.726,-0.2805
2016-02-18,0.713,0.728,-0.8345
2016-02-17,0.719,0.734,0
2016-02-16,0.719,0.734,2.7143
2016-02-15,0.7,0.715,-1.6854
2016-02-05,0.712,0.727,-1.7931
2016-02-04,0.725,0.74,0.6944
2016-02-03,0.72,0.735,-0.1387
2016-02-02,0.721,0.736,1.5493
2016-02-01,0.71,0.725,0.4243
2016-01-29,0.707,0.722,3.3626
2016-01-28,0.684,0.699,-3.1161
2016-01-27,0.706,0.721,-0.5634
2016-01-26,0.71,0.725,-3.9242
2016-01-25,0.739,0.754,1.6506
2016-01-22,0.727,0.742,0.6925
2016-01-21,0.722,0.737,-2.4324
2016-01-20,0.74,0.755,-2.1164
2016-01-19,0.756,0.771,3.5616
2016-01-18,0.73,0.745,0.9682
2016-01-15,0.723,0.738,-2.953
2016-01-14,0.745,0.76,2.0548
2016-01-13,0.73,0.745,-0.8152
2016-01-12,0.736,0.751,-0.1357
2016-01-11,0.737,0.752,-5.8748
2016-01-08,0.783,0.798,1.4249
2016-01-07,0.772,0.787,-6.988
2016-01-06,0.83,0.845,1.7157
2016-01-05,0.816,0.831,0.8653
2016-01-04,0.809,0.824,-6.9045
2015-12-31,0.869,0.884,0.3464
2015-12-30,0.866,0.881,0.3476
2015-12-29,0.863,0.878,1.889
2015-12-28,0.847,0.862,-1.854
2015-12-25,0.863,0.878,-1.0321
2015-12-24,0.872,0.887,0.2299
2015-12-23,0.87,0.885,-1.1364
2015-12-22,0.88,0.895,-0.6772
2015-12-21,0.886,0.901,5.9809
2015-12-18,0.836,0.851,2.2005
2015-12-17,0.818,0.833,1.7413
2015-12-16,0.804,0.819,-0.8631
2015-12-15,0.811,0.826,0.8069
2015-12-14,0.819,0.819,1.8657
2015-12-11,0.804,0.804,0.1245
2015-12-10,0.803,0.803,-0.6188
2015-12-09,0.808,0.808,0.1239
2015-12-08,0.807,0.807,-2.6538
2015-12-07,0.829,0.829,0
2015-12-04,0.829,0.829,-1.1919
2015-12-03,0.839,0.839,0.1193
2015-12-02,0.838,0.838,3.075
2015-12-01,0.813,0.813,1.7522
2015-11-30,0.799,0.799,0.5031
2015-11-27,0.795,0.795,-4.2169
2015-11-26,0.83,0.83,-0.8363
2015-11-25,0.837,0.837,0.8434
2015-11-24,0.83,0.83,-0.3601
2015-11-23,0.833,0.833,-0.8333
2015-11-20,0.84,0.84,-0.1189
2015-11-19,0.841,0.841,0.7186
2015-11-18,0.835,0.835,-0.7134
2015-11-17,0.841,0.841,0.4779
2015-11-16,0.837,0.837,0.8434
2015-11-13,0.83,0.83,-2.0071
2015-11-12,0.847,0.847,-0.7034
2015-11-11,0.853,0.853,-0.1171
2015-11-10,0.854,0.854,-0.3501
2015-11-09,0.857,0.857,0.3513
2015-11-06,0.854,0.854,0.8264
2015-11-05,0.847,0.847,1.4371
2015-11-04,0.835,0.835,4.1147
2015-11-03,0.802,0.802,-0.3727
2015-11-02,0.805,0.805,0.1244
2015-10-30,0.804,0.804,0.2494
2015-10-29,0.802,0.802,1.519
2015-10-28,0.79,0.79,-0.7538
2015-10-27,0.796,0.796,-0.3755
2015-10-26,0.799,0.799,1.1392
2015-10-23,0.79,0.79,3.6745
2015-10-22,0.762,0.762,1.7356
2015-10-21,0.749,0.749,-3.8511
2015-10-20,0.779,0.779,0.646
2015-10-19,0.774,0.774,-0.129
2015-10-16,0.775,0.775,0.3886
2015-10-15,0.772,0.772,1.7128
2015-10-14,0.759,0.759,-0.9138
2015-10-13,0.766,0.766,0.1307
2015-10-12,0.765,0.765,3.0997
2015-10-09,0.742,0.742,0.6784
2015-10-08,0.737,0.737,3.3661
2015-09-30,0.713,0.713,0.7062
2015-09-29,0.708,0.708,-0.5618
2015-09-28,0.712,0.712,0
2015-09-25,0.712,0.712,-1.385
2015-09-24,0.722,0.722,1.1204
2015-09-23,0.714,0.714,-2.5921
2015-09-22,0.733,0.733,0.9642
2015-09-21,0.726,0.726,1.9663
2015-09-18,0.712,0.712,0.2817
2015-09-17,0.71,0.71,-2.7397
2015-09-16,0.73,0.73,4.7346
2015-09-15,0.697,0.697,-1.9691
2015-09-14,0.711,0.711,-3.0014
2015-09-11,0.733,0.733,-0.2721
2015-09-10,0.735,0.735,-1.2097
2015-09-09,0.744,0.744,2.6207
2015-09-08,0.725,0.725,2.4011
2015-09-07,0.708,0.708,-2.6135
2015-09-02,0.727,0.727,0.5533
2015-09-01,0.723,0.723,-2.4291
2015-08-31,0.741,0.741,-1.7241
2015-08-28,0.754,0.754,2.8649
2015-08-27,0.733,0.733,4.8641
2015-08-26,0.699,0.699,0.8658
2015-08-25,0.693,0.693,-4.2818
2015-08-24,0.724,0.724,-9.1593
2015-08-21,0.797,0.797,-6.1249
2015-08-20,0.849,0.849,-2.0761
2015-08-19,0.867,0.867,2.3613
2015-08-18,0.847,0.847,-6.5121
2015-08-17,0.906,0.906,0.2212
2015-08-14,0.904,0.904,0.5562
2015-08-13,0.899,0.899,0.6719
2015-08-12,0.893,0.893,-1.326
2015-08-11,0.905,0.905,-0.2205
2015-08-10,0.907,0.907,3.7757
2015-08-07,0.874,0.874,1.8648
2015-08-06,0.858,0.858,-1.2658
2015-08-05,0.869,0.869,-2.5785
2015-08-04,0.892,0.892,3.1214
2015-08-03,0.865,0.865,0.9335
2015-07-31,0.857,0.857,1.3002
2015-07-30,0.846,0.846,-1.6279
2015-07-29,0.86,0.86,2.8708
2015-07-28,0.836,0.836,1.0883
2015-07-27,0.827,0.827,-9.2206
2015-07-24,0.911,0.911,-1.3001
2015-07-23,0.923,0.923,2.4417
2015-07-22,0.901,0.901,-0.1109
2015-07-21,0.902,0.902,0.7821
2015-07-20,0.895,0.895,-1.5402
2015-07-17,0.909,0.909,4.2431
2015-07-16,0.872,0.872,1.9883
2015-07-15,0.855,0.855,-5.6291
2015-07-14,0.906,0.906,-4.7319
2015-07-13,0.951,0.951,3.9344
2015-07-10,0.915,0.915,7.7739
2015-07-09,0.849,0.849,9.2664
2015-07-08,0.777,0.777,-5.8182
2015-07-07,0.825,0.825,-5.6064
2015-07-06,0.874,0.874,-1.3544
2015-07-03,0.886,0.886,-6.5401
2015-07-02,0.948,0.948,-6.601
2015-07-01,1.015,1.015,-3.6087
2015-06-30,1.053,1.053,2.9326
2015-06-29,1.023,1.023,2.505
2015-06-26,0.998,0.998,-5.9378
2015-06-25,1.061,1.061,-2.0314
2015-06-24,1.083,1.083,6.0725
2015-06-23,1.021,1.021,6.0228
2015-06-19,0.963,0.963,-6.0488
2015-06-18,1.025,1.025,-3.8462
2015-06-17,1.066,1.066,1.6206
2015-06-16,1.049,1.049,-3.1394
2015-06-15,1.083,1.083,0.7442
2015-06-12,1.075,1.075,2.5763
2015-06-11,1.048,1.048,0.4794
2015-06-10,1.043,1.043,1.5579
2015-06-09,1.027,1.027,-1.0597
2015-06-08,1.038,1.038,2.5692
2015-06-05,1.012,1.012,1.5045
2015-06-04,0.997,0.997,--
2015-05-29,0.995,0.995,--
2015-05-27,1.0,1.0,--
